customer_id,first_name,last_name,email,country,signup_date
1,Jane,Jones,customer1@example.com,USA,2023-10-19
2,John,Jones,customer2@example.com,Australia,2023-08-14
3,David,Martinez,customer3@example.com,Germany,2022-09-29
4,Sarah,Martinez,customer4@example.com,UK,2023-10-29
5,Sarah,Davis,customer5@example.com,USA,2022-08-04
6,Mike,Williams,customer6@example.com,USA,2023-08-09
7,Jane,Davis,customer7@example.com,USA,2023-03-03
8,James,Rodriguez,customer8@example.com,France,2023-09-25
9,Jane,Davis,customer9@example.com,UK,2023-10-17
10,Lisa,Garcia,customer10@example.com,Germany,2022-02-01
11,Chris,Garcia,customer11@example.com,USA,2023-05-25
12,John,Rodriguez,customer12@example.com,Australia,2023-10-05
13,John,Rodriguez,customer13@example.com,France,2023-07-13
14,Jane,Miller,customer14@example.com,USA,2022-10-24
15,Sarah,Davis,customer15@example.com,USA,2023-10-20
16,Sarah,Garcia,customer16@example.com,USA,2022-11-06
17,James,Brown,customer17@example.com,USA,2023-05-10
18,Lisa,Brown,customer18@example.com,Canada,2022-09-08
19,John,Martinez,customer19@example.com,Canada,2023-12-03
20,James,Miller,customer20@example.com,USA,2023-02-20
21,Sarah,Brown,customer21@example.com,UK,2022-11-01
22,James,Miller,customer22@example.com,USA,2023-04-10
23,Chris,Smith,customer23@example.com,USA,2022-03-16
24,Sarah,Garcia,customer24@example.com,USA,2023-12-07
25,Anna,Davis,customer25@example.com,Canada,2022-03-03
26,Lisa,Miller,customer26@example.com,Germany,2022-06-11
27,David,Miller,customer27@example.com,USA,2023-03-27
28,John,Williams,customer28@example.com,Canada,2023-03-02
29,Mike,Davis,customer29@example.com,UK,2023-05-11
30,Chris,Smith,customer30@example.com,USA,2023-04-21
31,Emily,Williams,customer31@example.com,UK,2022-07-28
32,David,Rodriguez,customer32@example.com,USA,2022-12-15
33,Mike,Martinez,customer33@example.com,USA,2023-09-14
34,Sarah,Garcia,customer34@example.com,India,2022-05-28
35,Emily,Johnson,customer35@example.com,Australia,2022-11-17
36,Jane,Davis,customer36@example.com,France,2022-11-23
37,Jane,Johnson,customer37@example.com,USA,2022-12-20
38,Chris,Rodriguez,customer38@example.com,USA,2023-02-13
39,Jane,Davis,customer39@example.com,UK,2022-05-14
40,Emily,Smith,customer40@example.com,Canada,2023-01-15
41,Emily,Williams,customer41@example.com,USA,2023-06-12
42,Lisa,Miller,customer42@example.com,Canada,2023-07-30
43,David,Williams,customer43@example.com,USA,2022-04-19
44,John,Johnson,customer44@example.com,India,2022-11-23
45,Anna,Davis,customer45@example.com,USA,2022-09-05
46,James,Jones,customer46@example.com,UK,2023-04-23
47,Jane,Garcia,customer47@example.com,USA,2022-05-06
48,Chris,Martinez,customer48@example.com,Canada,2022-10-01
49,Jane,Miller,customer49@example.com,Canada,2023-04-06
50,James,Johnson,customer50@example.com,USA,2022-09-11
51,David,Garcia,customer51@example.com,Australia,2022-05-25
52,Lisa,Rodriguez,customer52@example.com,Germany,2022-04-10
53,Emily,Miller,customer53@example.com,India,2022-02-21
54,Lisa,Garcia,customer54@example.com,France,2022-10-25
55,Sarah,Davis,customer55@example.com,UK,2023-01-29
56,Jane,Rodriguez,customer56@example.com,India,2023-09-23
57,John,Smith,customer57@example.com,USA,2023-03-05
58,Sarah,Martinez,customer58@example.com,USA,2022-09-12
59,David,Johnson,customer59@example.com,USA,2022-06-13
60,Jane,Brown,customer60@example.com,USA,2022-12-02
61,Sarah,Jones,customer61@example.com,USA,2023-08-15
62,Jane,Brown,customer62@example.com,USA,2022-11-17
63,Chris,Johnson,customer63@example.com,France,2022-07-14
64,David,Miller,customer64@example.com,USA,2022-06-13
65,Anna,Johnson,customer65@example.com,USA,2023-05-26
66,Emily,Johnson,customer66@example.com,Canada,2023-06-12
67,Mike,Davis,customer67@example.com,USA,2023-04-24
68,Emily,Williams,customer68@example.com,France,2023-05-26
69,Emily,Jones,customer69@example.com,USA,2022-11-12
70,Sarah,Smith,customer70@example.com,Australia,2023-05-25
71,David,Smith,customer71@example.com,Germany,2022-01-24
72,Jane,Garcia,customer72@example.com,USA,2022-04-03
73,Lisa,Smith,customer73@example.com,USA,2023-02-07
74,Mike,Jones,customer74@example.com,France,2023-06-02
75,James,Garcia,customer75@example.com,Germany,2023-04-14
76,Sarah,Garcia,customer76@example.com,Germany,2022-09-04
77,Mike,Miller,customer77@example.com,Germany,2022-08-09
78,Anna,Williams,customer78@example.com,USA,2023-08-21
79,Chris,Brown,customer79@example.com,USA,2022-12-28
80,David,Rodriguez,customer80@example.com,USA,2022-02-19
81,James,Miller,customer81@example.com,France,2022-02-21
82,Sarah,Martinez,customer82@example.com,UK,2022-10-16
83,Emily,Williams,customer83@example.com,USA,2023-05-22
84,John,Williams,customer84@example.com,USA,2023-09-04
85,Sarah,Williams,customer85@example.com,USA,2023-11-01
86,John,Johnson,customer86@example.com,USA,2023-11-20
87,Emily,Martinez,customer87@example.com,Germany,2023-04-27
88,Chris,Miller,customer88@example.com,UK,2022-10-20
89,David,Martinez,customer89@example.com,France,2023-07-04
90,Jane,Brown,customer90@example.com,Canada,2022-01-09
91,Sarah,Davis,customer91@example.com,USA,2022-04-21
92,Lisa,Martinez,customer92@example.com,Germany,2023-03-18
93,Emily,Williams,customer93@example.com,Germany,2022-05-18
94,Sarah,Brown,customer94@example.com,UK,2022-09-28
95,Anna,Davis,customer95@example.com,Germany,2023-01-10
96,Chris,Jones,customer96@example.com,Canada,2023-02-17
97,Anna,Davis,customer97@example.com,Canada,2023-01-10
98,Mike,Jones,customer98@example.com,Canada,2022-02-16
99,David,Smith,customer99@example.com,USA,2023-02-15
100,Mike,Davis,customer100@example.com,USA,2022-02-22
101,Sarah,Jones,customer101@example.com,USA,2023-08-07
102,James,Rodriguez,customer102@example.com,UK,2023-07-30
103,James,Williams,customer103@example.com,USA,2022-07-19
104,David,Johnson,customer104@example.com,Canada,2023-01-07
105,Lisa,Davis,customer105@example.com,India,2023-07-21
106,Chris,Garcia,customer106@example.com,USA,2022-10-23
107,Lisa,Martinez,customer107@example.com,Canada,2022-03-17
108,Chris,Jones,customer108@example.com,Germany,2023-01-31
109,Emily,Miller,customer109@example.com,USA,2023-06-01
110,Sarah,Jones,customer110@example.com,USA,2023-04-07
111,Mike,Davis,customer111@example.com,USA,2023-07-18
112,James,Jones,customer112@example.com,USA,2022-10-14
113,Anna,Brown,customer113@example.com,India,2023-10-01
114,Jane,Miller,customer114@example.com,France,2023-11-28
115,John,Davis,customer115@example.com,UK,2023-09-18
116,Jane,Johnson,customer116@example.com,France,2022-05-02
117,Mike,Brown,customer117@example.com,France,2022-05-12
118,Mike,Miller,customer118@example.com,USA,2022-04-10
119,Chris,Martinez,customer119@example.com,France,2023-02-08
120,Lisa,Garcia,customer120@example.com,Canada,2023-01-18
121,Jane,Martinez,customer121@example.com,France,2022-12-14
122,Chris,Jones,customer122@example.com,France,2023-07-26
123,Chris,Jones,customer123@example.com,USA,2023-01-10
124,Lisa,Smith,customer124@example.com,USA,2022-05-28
125,Anna,Miller,customer125@example.com,USA,2022-07-23
126,James,Jones,customer126@example.com,Canada,2023-09-09
127,David,Smith,customer127@example.com,France,2023-06-06
128,James,Martinez,customer128@example.com,France,2023-02-16
129,John,Smith,customer129@example.com,USA,2023-05-28
130,Jane,Martinez,customer130@example.com,Canada,2022-02-11
131,James,Davis,customer131@example.com,Canada,2022-02-16
132,David,Jones,customer132@example.com,USA,2022-02-09
133,Emily,Brown,customer133@example.com,USA,2022-05-21
134,Jane,Martinez,customer134@example.com,USA,2024-01-01
135,David,Garcia,customer135@example.com,India,2022-12-08
136,Chris,Brown,customer136@example.com,USA,2023-05-01
137,Mike,Brown,customer137@example.com,Canada,2023-06-16
138,Anna,Martinez,customer138@example.com,Germany,2023-04-13
139,John,Jones,customer139@example.com,USA,2022-06-02
140,David,Williams,customer140@example.com,Australia,2023-09-13
141,James,Johnson,customer141@example.com,Australia,2023-06-12
142,Mike,Smith,customer142@example.com,USA,2022-05-24
143,James,Jones,customer143@example.com,Canada,2022-12-02
144,Jane,Davis,customer144@example.com,USA,2023-09-20
145,David,Smith,customer145@example.com,USA,2022-11-23
146,James,Martinez,customer146@example.com,USA,2022-06-16
147,Lisa,Garcia,customer147@example.com,UK,2023-02-07
148,Sarah,Williams,customer148@example.com,Canada,2023-09-24
149,Mike,Johnson,customer149@example.com,USA,2022-11-03
150,Emily,Jones,customer150@example.com,USA,2023-08-31
151,Mike,Garcia,customer151@example.com,India,2022-12-11
152,James,Miller,customer152@example.com,USA,2023-06-04
153,James,Williams,customer153@example.com,USA,2023-06-06
154,John,Brown,customer154@example.com,Canada,2023-06-30
155,Lisa,Williams,customer155@example.com,Australia,2023-05-17
156,Emily,Rodriguez,customer156@example.com,USA,2023-12-27
157,Anna,Garcia,customer157@example.com,UK,2023-07-31
158,John,Rodriguez,customer158@example.com,Germany,2022-11-03
159,Jane,Rodriguez,customer159@example.com,USA,2023-05-02
160,Emily,Jones,customer160@example.com,Germany,2022-01-18
161,David,Williams,customer161@example.com,USA,2023-01-13
162,Sarah,Jones,customer162@example.com,UK,2022-12-06
163,John,Davis,customer163@example.com,UK,2023-11-21
164,Sarah,Jones,customer164@example.com,Canada,2022-04-23
165,Lisa,Garcia,customer165@example.com,USA,2023-03-03
166,Jane,Johnson,customer166@example.com,France,2023-08-21
167,Jane,Davis,customer167@example.com,USA,2022-11-12
168,Anna,Johnson,customer168@example.com,USA,2023-12-06
169,Jane,Williams,customer169@example.com,USA,2023-10-07
170,James,Brown,customer170@example.com,UK,2022-01-28
171,Mike,Miller,customer171@example.com,UK,2023-09-04
172,Mike,Rodriguez,customer172@example.com,USA,2023-05-01
173,Anna,Garcia,customer173@example.com,Canada,2022-09-29
174,James,Johnson,customer174@example.com,USA,2023-11-03
175,Mike,Miller,customer175@example.com,UK,2023-08-16
176,David,Smith,customer176@example.com,USA,2023-08-15
177,James,Jones,customer177@example.com,UK,2022-08-22
178,Lisa,Rodriguez,customer178@example.com,USA,2022-02-22
179,Chris,Johnson,customer179@example.com,India,2023-08-21
180,Sarah,Davis,customer180@example.com,USA,2023-05-07
181,James,Garcia,customer181@example.com,USA,2022-06-24
182,Sarah,Jones,customer182@example.com,USA,2023-06-21
183,David,Martinez,customer183@example.com,India,2023-10-07
184,Chris,Miller,customer184@example.com,France,2023-09-27
185,Emily,Garcia,customer185@example.com,USA,2023-01-25
186,Anna,Johnson,customer186@example.com,UK,2022-06-01
187,James,Brown,customer187@example.com,France,2023-11-29
188,Anna,Davis,customer188@example.com,UK,2022-09-06
189,Jane,Smith,customer189@example.com,Canada,2022-02-02
190,Sarah,Martinez,customer190@example.com,USA,2023-08-10
191,Sarah,Rodriguez,customer191@example.com,USA,2023-12-19
192,Jane,Garcia,customer192@example.com,France,2022-04-23
193,Emily,Martinez,customer193@example.com,India,2022-07-15
194,John,Brown,customer194@example.com,UK,2022-01-20
195,Lisa,Johnson,customer195@example.com,USA,2023-03-28
196,James,Davis,customer196@example.com,USA,2022-11-18
197,Sarah,Jones,customer197@example.com,Germany,2023-03-05
198,Lisa,Miller,customer198@example.com,France,2022-06-05
199,Sarah,Johnson,customer199@example.com,France,2023-02-27
200,John,Williams,customer200@example.com,Germany,2023-12-09
201,Jane,Smith,customer201@example.com,UK,2022-07-28
202,John,Smith,customer202@example.com,USA,2023-02-25
203,Sarah,Jones,customer203@example.com,USA,2023-05-29
204,Jane,Davis,customer204@example.com,France,2023-09-19
205,John,Johnson,customer205@example.com,UK,2023-04-28
206,Emily,Johnson,customer206@example.com,USA,2022-03-05
207,Jane,Brown,customer207@example.com,USA,2023-12-24
208,James,Rodriguez,customer208@example.com,UK,2022-05-22
209,Sarah,Williams,customer209@example.com,USA,2023-06-16
210,David,Miller,customer210@example.com,USA,2022-08-01
211,Anna,Davis,customer211@example.com,Canada,2023-07-29
212,Sarah,Garcia,customer212@example.com,UK,2022-11-29
213,James,Rodriguez,customer213@example.com,UK,2023-11-10
214,Mike,Miller,customer214@example.com,USA,2023-05-05
215,Lisa,Martinez,customer215@example.com,Germany,2023-06-23
216,Lisa,Williams,customer216@example.com,USA,2023-01-21
217,Anna,Miller,customer217@example.com,USA,2022-11-18
218,Sarah,Johnson,customer218@example.com,Germany,2022-06-27
219,Anna,Davis,customer219@example.com,UK,2023-04-16
220,Chris,Martinez,customer220@example.com,France,2023-06-30
221,Sarah,Miller,customer221@example.com,UK,2022-12-17
222,Jane,Jones,customer222@example.com,UK,2023-07-14
223,Jane,Smith,customer223@example.com,USA,2022-12-29
224,Chris,Garcia,customer224@example.com,USA,2023-11-24
225,Emily,Brown,customer225@example.com,USA,2023-11-29
226,Chris,Davis,customer226@example.com,USA,2023-10-21
227,Chris,Davis,customer227@example.com,Australia,2023-12-11
228,Anna,Brown,customer228@example.com,USA,2022-09-28
229,John,Garcia,customer229@example.com,France,2023-09-17
230,Jane,Johnson,customer230@example.com,UK,2023-05-11
231,John,Garcia,customer231@example.com,Germany,2022-07-16
232,Chris,Rodriguez,customer232@example.com,Canada,2022-09-10
233,Emily,Garcia,customer233@example.com,UK,2022-10-13
234,Jane,Smith,customer234@example.com,Canada,2023-07-26
235,Sarah,Miller,customer235@example.com,USA,2022-11-02
236,Sarah,Jones,customer236@example.com,Germany,2022-08-19
237,Sarah,Brown,customer237@example.com,USA,2022-11-01
238,James,Johnson,customer238@example.com,USA,2022-10-23
239,Anna,Davis,customer239@example.com,UK,2023-12-23
240,Mike,Johnson,customer240@example.com,USA,2022-08-01
241,Chris,Brown,customer241@example.com,India,2023-12-08
242,Mike,Martinez,customer242@example.com,Australia,2023-12-23
243,David,Smith,customer243@example.com,India,2023-05-16
244,Anna,Smith,customer244@example.com,USA,2022-11-21
245,Sarah,Garcia,customer245@example.com,USA,2023-05-07
246,Jane,Brown,customer246@example.com,India,2022-12-24
247,Anna,Williams,customer247@example.com,Canada,2023-07-28
248,James,Martinez,customer248@example.com,Australia,2022-10-08
249,Jane,Brown,customer249@example.com,Australia,2022-10-22
250,John,Johnson,customer250@example.com,France,2022-05-05
251,James,Rodriguez,customer251@example.com,USA,2023-08-11
252,John,Brown,customer252@example.com,USA,2023-11-24
253,Jane,Martinez,customer253@example.com,France,2023-07-11
254,Sarah,Brown,customer254@example.com,USA,2023-01-24
255,Mike,Brown,customer255@example.com,USA,2023-02-09
256,Chris,Garcia,customer256@example.com,UK,2022-12-20
257,Anna,Williams,customer257@example.com,India,2022-05-30
258,Anna,Martinez,customer258@example.com,UK,2022-10-25
259,Sarah,Smith,customer259@example.com,UK,2022-02-13
260,Chris,Jones,customer260@example.com,USA,2022-10-22
261,John,Williams,customer261@example.com,UK,2022-03-22
262,Mike,Williams,customer262@example.com,Australia,2022-12-21
263,Chris,Rodriguez,customer263@example.com,USA,2023-03-29
264,John,Jones,customer264@example.com,Canada,2023-11-03
265,Chris,Williams,customer265@example.com,France,2022-09-20
266,David,Johnson,customer266@example.com,Germany,2023-05-06
267,Anna,Smith,customer267@example.com,UK,2022-08-08
268,David,Williams,customer268@example.com,Germany,2022-07-26
269,Chris,Smith,customer269@example.com,USA,2023-07-06
270,James,Garcia,customer270@example.com,USA,2022-10-05
271,Anna,Brown,customer271@example.com,France,2023-07-30
272,Mike,Martinez,customer272@example.com,France,2023-12-14
273,Sarah,Garcia,customer273@example.com,France,2022-10-06
274,David,Smith,customer274@example.com,India,2022-05-21
275,Sarah,Williams,customer275@example.com,Canada,2022-04-22
276,John,Jones,customer276@example.com,Canada,2023-09-23
277,Lisa,Smith,customer277@example.com,Germany,2023-08-24
278,James,Williams,customer278@example.com,UK,2022-09-03
279,John,Miller,customer279@example.com,Germany,2022-09-06
280,Emily,Rodriguez,customer280@example.com,Germany,2022-02-21
281,John,Johnson,customer281@example.com,France,2023-11-17
282,John,Johnson,customer282@example.com,USA,2023-06-28
283,Lisa,Davis,customer283@example.com,USA,2022-08-20
284,Anna,Davis,customer284@example.com,USA,2023-10-16
285,James,Garcia,customer285@example.com,UK,2022-08-27
286,James,Rodriguez,customer286@example.com,USA,2022-02-23
287,Mike,Martinez,customer287@example.com,Canada,2022-04-13
288,John,Johnson,customer288@example.com,Canada,2023-02-28
289,James,Davis,customer289@example.com,USA,2022-12-05
290,Jane,Rodriguez,customer290@example.com,UK,2023-04-29
291,Mike,Brown,customer291@example.com,USA,2022-04-13
292,Jane,Martinez,customer292@example.com,USA,2023-11-29
293,Lisa,Smith,customer293@example.com,France,2022-05-21
294,Jane,Rodriguez,customer294@example.com,USA,2022-01-06
295,Sarah,Jones,customer295@example.com,USA,2023-07-18
296,Chris,Davis,customer296@example.com,Canada,2022-06-11
297,Jane,Smith,customer297@example.com,Germany,2023-02-21
298,Lisa,Smith,customer298@example.com,USA,2023-10-31
299,Sarah,Davis,customer299@example.com,UK,2023-05-03
300,Lisa,Miller,customer300@example.com,USA,2023-05-04
301,Lisa,Miller,customer301@example.com,USA,2023-10-29
302,John,Johnson,customer302@example.com,Canada,2022-07-24
303,Lisa,Davis,customer303@example.com,Canada,2022-10-22
304,Jane,Davis,customer304@example.com,UK,2022-11-25
305,Chris,Johnson,customer305@example.com,Germany,2022-10-20
306,Lisa,Johnson,customer306@example.com,Australia,2023-10-24
307,Lisa,Garcia,customer307@example.com,Canada,2022-03-02
308,James,Martinez,customer308@example.com,USA,2022-04-02
309,Emily,Williams,customer309@example.com,Germany,2023-10-30
310,David,Johnson,customer310@example.com,USA,2023-08-11
311,Sarah,Williams,customer311@example.com,Canada,2022-08-26
312,Emily,Jones,customer312@example.com,USA,2023-07-02
313,Sarah,Martinez,customer313@example.com,USA,2022-02-08
314,David,Martinez,customer314@example.com,Australia,2022-06-29
315,Chris,Rodriguez,customer315@example.com,France,2023-03-04
316,Mike,Garcia,customer316@example.com,UK,2022-06-30
317,David,Miller,customer317@example.com,Canada,2022-02-07
318,Anna,Martinez,customer318@example.com,USA,2023-02-11
319,Emily,Rodriguez,customer319@example.com,USA,2023-05-23
320,Jane,Jones,customer320@example.com,USA,2022-07-10
321,John,Davis,customer321@example.com,Canada,2022-10-24
322,Anna,Rodriguez,customer322@example.com,Germany,2022-02-08
323,Lisa,Martinez,customer323@example.com,UK,2022-01-10
324,Lisa,Miller,customer324@example.com,USA,2022-11-02
325,Jane,Johnson,customer325@example.com,Australia,2023-08-05
326,Jane,Johnson,customer326@example.com,Germany,2023-09-10
327,James,Rodriguez,customer327@example.com,UK,2022-04-20
328,Sarah,Brown,customer328@example.com,UK,2022-12-10
329,James,Miller,customer329@example.com,Canada,2022-10-19
330,David,Davis,customer330@example.com,USA,2023-04-11
331,Mike,Brown,customer331@example.com,USA,2023-10-19
332,Emily,Miller,customer332@example.com,Germany,2023-07-11
333,Jane,Garcia,customer333@example.com,USA,2023-06-21
334,Sarah,Davis,customer334@example.com,USA,2023-05-21
335,Emily,Miller,customer335@example.com,USA,2022-05-18
336,David,Miller,customer336@example.com,USA,2023-06-01
337,Mike,Johnson,customer337@example.com,France,2023-04-25
338,Anna,Garcia,customer338@example.com,Germany,2022-10-07
339,James,Miller,customer339@example.com,Canada,2022-07-17
340,David,Garcia,customer340@example.com,USA,2022-04-26
341,Lisa,Jones,customer341@example.com,Canada,2022-12-05
342,James,Garcia,customer342@example.com,Canada,2022-06-16
343,John,Williams,customer343@example.com,USA,2023-04-15
344,James,Davis,customer344@example.com,Canada,2023-10-26
345,David,Johnson,customer345@example.com,USA,2022-09-21
346,Jane,Johnson,customer346@example.com,UK,2022-07-10
347,Mike,Johnson,customer347@example.com,UK,2022-01-15
348,David,Johnson,customer348@example.com,USA,2022-12-12
349,Jane,Miller,customer349@example.com,USA,2022-10-30
350,Jane,Johnson,customer350@example.com,UK,2023-08-05
351,James,Garcia,customer351@example.com,Canada,2023-11-22
352,Mike,Williams,customer352@example.com,France,2022-07-17
353,David,Rodriguez,customer353@example.com,UK,2022-06-29
354,David,Smith,customer354@example.com,USA,2023-09-18
355,Lisa,Martinez,customer355@example.com,USA,2023-10-17
356,Sarah,Rodriguez,customer356@example.com,UK,2023-02-20
357,Emily,Rodriguez,customer357@example.com,USA,2023-03-14
358,Sarah,Garcia,customer358@example.com,UK,2023-06-12
359,David,Johnson,customer359@example.com,India,2022-12-02
360,James,Miller,customer360@example.com,UK,2022-03-30
361,Anna,Garcia,customer361@example.com,USA,2023-02-15
362,David,Miller,customer362@example.com,UK,2023-11-17
363,John,Smith,customer363@example.com,Canada,2022-04-08
364,Jane,Jones,customer364@example.com,Canada,2022-07-09
365,Chris,Martinez,customer365@example.com,India,2022-05-24
366,David,Jones,customer366@example.com,USA,2023-05-04
367,John,Garcia,customer367@example.com,Australia,2022-11-28
368,John,Johnson,customer368@example.com,India,2022-09-12
369,Emily,Martinez,customer369@example.com,USA,2022-01-07
370,Mike,Rodriguez,customer370@example.com,USA,2022-09-25
371,David,Brown,customer371@example.com,USA,2023-01-28
372,Mike,Williams,customer372@example.com,USA,2022-08-30
373,Anna,Davis,customer373@example.com,USA,2023-04-03
374,James,Brown,customer374@example.com,UK,2022-10-01
375,Chris,Johnson,customer375@example.com,USA,2022-12-04
376,James,Garcia,customer376@example.com,USA,2022-11-06
377,John,Rodriguez,customer377@example.com,France,2023-08-20
378,Jane,Garcia,customer378@example.com,USA,2023-08-10
379,Jane,Johnson,customer379@example.com,France,2022-01-12
380,Mike,Jones,customer380@example.com,USA,2022-09-25
381,James,Martinez,customer381@example.com,USA,2023-11-01
382,John,Brown,customer382@example.com,UK,2023-01-04
383,Emily,Miller,customer383@example.com,UK,2023-12-11
384,Lisa,Rodriguez,customer384@example.com,France,2022-08-30
385,James,Martinez,customer385@example.com,Germany,2022-03-05
386,Mike,Martinez,customer386@example.com,France,2023-11-15
387,Chris,Rodriguez,customer387@example.com,USA,2022-05-02
388,Mike,Smith,customer388@example.com,USA,2023-04-22
389,John,Martinez,customer389@example.com,Germany,2022-11-11
390,David,Jones,customer390@example.com,France,2022-06-13
391,Emily,Smith,customer391@example.com,Australia,2023-02-20
392,John,Williams,customer392@example.com,Canada,2023-12-04
393,Emily,Jones,customer393@example.com,USA,2023-05-30
394,Sarah,Jones,customer394@example.com,Germany,2023-12-22
395,Sarah,Garcia,customer395@example.com,USA,2022-11-15
396,Jane,Garcia,customer396@example.com,India,2023-12-08
397,Emily,Smith,customer397@example.com,France,2022-05-01
398,James,Williams,customer398@example.com,Canada,2023-10-17
399,Chris,Williams,customer399@example.com,Germany,2022-10-30
400,Lisa,Martinez,customer400@example.com,Germany,2023-01-12
401,Mike,Miller,customer401@example.com,USA,2023-09-22
402,Sarah,Johnson,customer402@example.com,India,2022-08-15
403,Mike,Williams,customer403@example.com,Canada,2022-08-13
404,Mike,Smith,customer404@example.com,France,2022-05-17
405,Chris,Johnson,customer405@example.com,USA,2023-05-05
406,John,Rodriguez,customer406@example.com,France,2022-06-06
407,Mike,Brown,customer407@example.com,USA,2023-04-11
408,Emily,Miller,customer408@example.com,USA,2023-09-13
409,Chris,Miller,customer409@example.com,India,2023-01-18
410,Sarah,Davis,customer410@example.com,USA,2023-03-02
411,David,Garcia,customer411@example.com,USA,2023-12-20
412,Mike,Williams,customer412@example.com,Australia,2023-07-17
413,Jane,Garcia,customer413@example.com,Australia,2023-04-28
414,Chris,Jones,customer414@example.com,UK,2023-07-05
415,John,Garcia,customer415@example.com,UK,2023-11-12
416,Anna,Martinez,customer416@example.com,Canada,2022-08-12
417,Sarah,Martinez,customer417@example.com,USA,2022-09-11
418,Sarah,Johnson,customer418@example.com,USA,2023-11-28
419,Anna,Smith,customer419@example.com,UK,2023-09-03
420,Emily,Williams,customer420@example.com,Germany,2022-03-25
421,David,Williams,customer421@example.com,Germany,2023-06-23
422,Sarah,Martinez,customer422@example.com,Germany,2023-04-03
423,Sarah,Smith,customer423@example.com,USA,2023-06-25
424,John,Johnson,customer424@example.com,Canada,2023-12-22
425,Sarah,Jones,customer425@example.com,USA,2023-01-06
426,Chris,Davis,customer426@example.com,Canada,2022-03-21
427,Emily,Miller,customer427@example.com,Canada,2023-08-01
428,David,Davis,customer428@example.com,France,2022-04-25
429,Jane,Martinez,customer429@example.com,USA,2022-03-05
430,David,Davis,customer430@example.com,USA,2023-07-15
431,Emily,Miller,customer431@example.com,USA,2023-06-02
432,James,Jones,customer432@example.com,Germany,2022-07-27
433,Chris,Brown,customer433@example.com,UK,2023-08-10
434,James,Rodriguez,customer434@example.com,USA,2023-07-04
435,Emily,Johnson,customer435@example.com,USA,2022-06-03
436,John,Garcia,customer436@example.com,Germany,2022-06-18
437,Jane,Miller,customer437@example.com,USA,2022-12-02
438,David,Johnson,customer438@example.com,France,2023-06-17
439,Mike,Jones,customer439@example.com,Germany,2023-03-29
440,Lisa,Martinez,customer440@example.com,USA,2022-04-30
441,David,Davis,customer441@example.com,USA,2023-11-28
442,John,Rodriguez,customer442@example.com,Australia,2022-07-30
443,Jane,Jones,customer443@example.com,USA,2023-08-21
444,Lisa,Smith,customer444@example.com,USA,2023-05-16
445,Chris,Brown,customer445@example.com,France,2022-04-04
446,Emily,Miller,customer446@example.com,India,2023-06-07
447,Emily,Martinez,customer447@example.com,Australia,2023-04-02
448,Chris,Smith,customer448@example.com,Germany,2022-02-26
449,Lisa,Smith,customer449@example.com,USA,2023-04-10
450,James,Brown,customer450@example.com,USA,2022-05-16
451,Jane,Jones,customer451@example.com,Germany,2023-06-10
452,Chris,Brown,customer452@example.com,UK,2023-03-02
453,Lisa,Williams,customer453@example.com,Canada,2023-04-13
454,Sarah,Jones,customer454@example.com,India,2023-08-01
455,David,Jones,customer455@example.com,USA,2022-03-01
456,John,Garcia,customer456@example.com,Canada,2023-07-27
457,Chris,Johnson,customer457@example.com,USA,2023-04-19
458,John,Smith,customer458@example.com,Canada,2023-11-20
459,James,Davis,customer459@example.com,USA,2022-11-12
460,James,Miller,customer460@example.com,USA,2022-01-23
461,Sarah,Williams,customer461@example.com,USA,2023-02-10
462,Emily,Williams,customer462@example.com,UK,2022-09-18
463,Chris,Miller,customer463@example.com,Germany,2022-01-04
464,Jane,Rodriguez,customer464@example.com,UK,2022-08-12
465,Emily,Brown,customer465@example.com,Australia,2023-08-16
466,Lisa,Rodriguez,customer466@example.com,USA,2022-03-16
467,Emily,Rodriguez,customer467@example.com,USA,2022-02-16
468,Jane,Garcia,customer468@example.com,France,2023-03-10
469,David,Johnson,customer469@example.com,USA,2022-12-19
470,James,Miller,customer470@example.com,Australia,2023-12-19
471,David,Smith,customer471@example.com,USA,2022-03-07
472,Chris,Miller,customer472@example.com,Australia,2023-07-09
473,Emily,Smith,customer473@example.com,USA,2022-03-03
474,Chris,Davis,customer474@example.com,France,2022-03-12
475,David,Johnson,customer475@example.com,Canada,2023-04-29
476,James,Garcia,customer476@example.com,Australia,2022-02-02
477,Mike,Martinez,customer477@example.com,USA,2022-10-21
478,Sarah,Miller,customer478@example.com,UK,2023-02-23
479,Chris,Martinez,customer479@example.com,Australia,2022-07-04
480,Chris,Miller,customer480@example.com,Canada,2022-05-19
481,Mike,Miller,customer481@example.com,UK,2023-10-19
482,Lisa,Jones,customer482@example.com,UK,2023-10-24
483,Lisa,Johnson,customer483@example.com,Canada,2023-03-07
484,David,Miller,customer484@example.com,UK,2023-01-19
485,Chris,Smith,customer485@example.com,UK,2023-01-27
486,James,Garcia,customer486@example.com,India,2023-04-05
487,John,Williams,customer487@example.com,USA,2023-01-22
488,David,Martinez,customer488@example.com,USA,2023-01-20
489,David,Davis,customer489@example.com,Australia,2022-03-24
490,Sarah,Garcia,customer490@example.com,France,2023-12-01
491,Chris,Johnson,customer491@example.com,Canada,2023-11-09
492,Lisa,Miller,customer492@example.com,UK,2023-07-07
493,Lisa,Johnson,customer493@example.com,USA,2022-05-17
494,Emily,Brown,customer494@example.com,USA,2023-11-01
495,Anna,Miller,customer495@example.com,Canada,2022-12-23
496,Anna,Martinez,customer496@example.com,USA,2022-05-02
497,Anna,Miller,customer497@example.com,UK,2022-07-02
498,Sarah,Rodriguez,customer498@example.com,USA,2023-07-05
499,James,Johnson,customer499@example.com,Australia,2023-02-07
500,Anna,Miller,customer500@example.com,Australia,2023-06-26
501,Mike,Jones,customer501@example.com,UK,2022-05-11
502,Jane,Garcia,customer502@example.com,Canada,2022-08-17
503,David,Brown,customer503@example.com,USA,2022-01-04
504,James,Garcia,customer504@example.com,France,2022-01-24
505,Lisa,Williams,customer505@example.com,UK,2022-11-02
506,Emily,Johnson,customer506@example.com,USA,2023-04-20
507,Jane,Rodriguez,customer507@example.com,India,2023-11-21
508,Sarah,Johnson,customer508@example.com,France,2023-07-12
509,David,Rodriguez,customer509@example.com,India,2023-03-11
510,Sarah,Rodriguez,customer510@example.com,Germany,2023-06-29
511,Sarah,Brown,customer511@example.com,UK,2023-01-24
512,Mike,Garcia,customer512@example.com,Canada,2022-08-24
513,John,Garcia,customer513@example.com,India,2022-09-11
514,John,Williams,customer514@example.com,France,2023-04-17
515,Sarah,Brown,customer515@example.com,USA,2022-12-21
516,Anna,Johnson,customer516@example.com,USA,2022-06-08
517,Lisa,Williams,customer517@example.com,USA,2022-10-10
518,Jane,Jones,customer518@example.com,France,2022-07-13
519,Anna,Brown,customer519@example.com,Australia,2022-04-26
520,Chris,Williams,customer520@example.com,USA,2022-02-02
521,Lisa,Martinez,customer521@example.com,UK,2023-11-08
522,Sarah,Williams,customer522@example.com,USA,2023-03-06
523,Chris,Johnson,customer523@example.com,Australia,2023-09-22
524,Anna,Williams,customer524@example.com,France,2022-01-17
525,Chris,Davis,customer525@example.com,France,2022-09-04
526,Sarah,Davis,customer526@example.com,Canada,2022-07-31
527,Mike,Martinez,customer527@example.com,Canada,2022-03-10
528,John,Martinez,customer528@example.com,USA,2022-04-14
529,Jane,Davis,customer529@example.com,USA,2023-09-01
530,Chris,Martinez,customer530@example.com,France,2022-02-04
531,Sarah,Martinez,customer531@example.com,France,2023-04-03
532,Mike,Garcia,customer532@example.com,Australia,2023-09-05
533,James,Garcia,customer533@example.com,Australia,2023-11-20
534,Anna,Williams,customer534@example.com,UK,2023-12-22
535,John,Davis,customer535@example.com,Germany,2022-02-19
536,James,Johnson,customer536@example.com,India,2022-09-08
537,Sarah,Davis,customer537@example.com,France,2022-02-15
538,Jane,Davis,customer538@example.com,USA,2023-02-16
539,Anna,Jones,customer539@example.com,Canada,2023-03-26
540,Mike,Jones,customer540@example.com,USA,2022-08-28
541,Anna,Martinez,customer541@example.com,Australia,2023-07-07
542,James,Smith,customer542@example.com,UK,2022-08-11
543,James,Garcia,customer543@example.com,USA,2022-02-27
544,Lisa,Rodriguez,customer544@example.com,UK,2022-05-24
545,Emily,Johnson,customer545@example.com,UK,2023-05-31
546,Anna,Jones,customer546@example.com,USA,2022-10-24
547,Lisa,Davis,customer547@example.com,USA,2022-08-28
548,James,Davis,customer548@example.com,UK,2023-08-13
549,Chris,Smith,customer549@example.com,Canada,2022-11-23
550,James,Smith,customer550@example.com,Germany,2023-08-15
551,Anna,Garcia,customer551@example.com,Canada,2023-09-05
552,Mike,Jones,customer552@example.com,France,2023-11-20
553,Anna,Johnson,customer553@example.com,UK,2022-11-25
554,Anna,Johnson,customer554@example.com,UK,2022-08-31
555,David,Martinez,customer555@example.com,France,2022-11-06
556,Sarah,Martinez,customer556@example.com,Canada,2022-05-27
557,David,Rodriguez,customer557@example.com,USA,2023-11-08
558,James,Miller,customer558@example.com,USA,2023-06-18
559,Anna,Davis,customer559@example.com,Germany,2022-08-15
560,Sarah,Martinez,customer560@example.com,UK,2023-02-28
561,David,Rodriguez,customer561@example.com,Germany,2022-11-04
562,Anna,Smith,customer562@example.com,USA,2022-10-09
563,Jane,Davis,customer563@example.com,USA,2022-03-04
564,David,Martinez,customer564@example.com,USA,2023-07-25
565,Sarah,Brown,customer565@example.com,USA,2023-08-29
566,David,Garcia,customer566@example.com,UK,2022-06-29
567,Emily,Martinez,customer567@example.com,USA,2023-10-04
568,Emily,Davis,customer568@example.com,Canada,2023-11-27
569,James,Rodriguez,customer569@example.com,India,2023-03-14
570,Jane,Williams,customer570@example.com,USA,2023-07-24
571,Mike,Smith,customer571@example.com,Canada,2023-05-23
572,Mike,Davis,customer572@example.com,Germany,2022-02-18
573,Sarah,Johnson,customer573@example.com,USA,2022-12-19
574,Chris,Garcia,customer574@example.com,UK,2023-10-21
575,Mike,Johnson,customer575@example.com,France,2023-11-19
576,Sarah,Rodriguez,customer576@example.com,India,2023-01-26
577,Jane,Williams,customer577@example.com,USA,2023-06-22
578,Chris,Smith,customer578@example.com,India,2022-11-23
579,Chris,Brown,customer579@example.com,Canada,2023-12-15
580,Emily,Davis,customer580@example.com,USA,2023-03-03
581,James,Davis,customer581@example.com,Canada,2023-02-23
582,Anna,Rodriguez,customer582@example.com,Australia,2022-06-02
583,Chris,Rodriguez,customer583@example.com,Canada,2022-11-04
584,John,Martinez,customer584@example.com,USA,2023-01-21
585,Sarah,Williams,customer585@example.com,UK,2022-07-08
586,Chris,Garcia,customer586@example.com,USA,2023-07-05
587,Chris,Garcia,customer587@example.com,USA,2023-04-30
588,Lisa,Jones,customer588@example.com,USA,2022-09-04
589,John,Miller,customer589@example.com,USA,2022-08-19
590,Lisa,Miller,customer590@example.com,USA,2022-11-04
591,Chris,Garcia,customer591@example.com,USA,2023-12-26
592,Anna,Martinez,customer592@example.com,UK,2022-05-28
593,John,Smith,customer593@example.com,USA,2023-04-20
594,Emily,Garcia,customer594@example.com,USA,2022-03-01
595,David,Johnson,customer595@example.com,France,2023-07-30
596,Chris,Garcia,customer596@example.com,Canada,2023-02-27
597,Chris,Johnson,customer597@example.com,UK,2023-03-03
598,James,Rodriguez,customer598@example.com,USA,2023-07-25
599,James,Miller,customer599@example.com,USA,2023-06-27
600,Lisa,Jones,customer600@example.com,USA,2022-05-18
601,Sarah,Jones,customer601@example.com,USA,2023-02-02
602,Anna,Martinez,customer602@example.com,USA,2022-09-06
603,Sarah,Williams,customer603@example.com,USA,2022-09-19
604,David,Garcia,customer604@example.com,USA,2022-07-28
605,Chris,Johnson,customer605@example.com,USA,2022-12-05
606,Anna,Martinez,customer606@example.com,Canada,2023-10-25
607,John,Williams,customer607@example.com,USA,2022-03-22
608,Chris,Garcia,customer608@example.com,USA,2023-04-06
609,Emily,Jones,customer609@example.com,Canada,2023-01-15
610,Chris,Miller,customer610@example.com,UK,2022-04-05
611,Mike,Williams,customer611@example.com,USA,2023-07-03
612,Anna,Martinez,customer612@example.com,Germany,2022-07-15
613,Mike,Johnson,customer613@example.com,UK,2022-02-22
614,Lisa,Jones,customer614@example.com,USA,2022-10-02
615,James,Rodriguez,customer615@example.com,France,2023-01-22
616,John,Miller,customer616@example.com,India,2023-11-21
617,Chris,Garcia,customer617@example.com,USA,2023-09-12
618,Lisa,Williams,customer618@example.com,USA,2023-09-10
619,Lisa,Rodriguez,customer619@example.com,France,2022-02-10
620,John,Johnson,customer620@example.com,Germany,2022-03-16
621,Jane,Miller,customer621@example.com,USA,2022-07-12
622,Chris,Rodriguez,customer622@example.com,USA,2023-08-25
623,Mike,Garcia,customer623@example.com,USA,2023-11-19
624,Anna,Smith,customer624@example.com,Canada,2023-07-27
625,Mike,Garcia,customer625@example.com,UK,2022-08-11
626,John,Jones,customer626@example.com,USA,2023-05-06
627,David,Williams,customer627@example.com,Canada,2022-08-02
628,Chris,Brown,customer628@example.com,Germany,2022-12-07
629,Emily,Garcia,customer629@example.com,USA,2022-11-07
630,Sarah,Davis,customer630@example.com,USA,2022-01-16
631,Anna,Brown,customer631@example.com,Germany,2022-08-05
632,Emily,Brown,customer632@example.com,France,2022-07-14
633,Emily,Williams,customer633@example.com,Canada,2022-05-01
634,Chris,Williams,customer634@example.com,Canada,2023-05-06
635,David,Johnson,customer635@example.com,USA,2022-09-06
636,Chris,Jones,customer636@example.com,Canada,2023-12-14
637,David,Johnson,customer637@example.com,Canada,2023-09-11
638,Jane,Rodriguez,customer638@example.com,USA,2023-12-22
639,Anna,Rodriguez,customer639@example.com,USA,2022-07-29
640,John,Rodriguez,customer640@example.com,USA,2023-02-11
641,James,Smith,customer641@example.com,USA,2022-09-03
642,John,Garcia,customer642@example.com,USA,2023-07-20
643,Emily,Martinez,customer643@example.com,USA,2022-11-26
644,Sarah,Williams,customer644@example.com,USA,2022-10-17
645,Jane,Martinez,customer645@example.com,USA,2023-01-25
646,John,Miller,customer646@example.com,France,2023-04-23
647,John,Williams,customer647@example.com,UK,2023-07-01
648,Sarah,Williams,customer648@example.com,UK,2023-10-27
649,Sarah,Williams,customer649@example.com,Germany,2023-01-03
650,John,Martinez,customer650@example.com,Canada,2022-11-12
651,Lisa,Williams,customer651@example.com,USA,2022-09-25
652,Mike,Davis,customer652@example.com,Canada,2023-01-04
653,Sarah,Smith,customer653@example.com,UK,2023-06-10
654,Mike,Miller,customer654@example.com,Germany,2023-05-25
655,Anna,Garcia,customer655@example.com,Canada,2023-04-23
656,Jane,Brown,customer656@example.com,USA,2022-04-11
657,Lisa,Davis,customer657@example.com,USA,2023-04-26
658,Sarah,Martinez,customer658@example.com,USA,2022-11-24
659,Anna,Jones,customer659@example.com,UK,2022-07-28
660,David,Davis,customer660@example.com,UK,2023-01-15
661,Emily,Brown,customer661@example.com,USA,2022-11-17
662,Mike,Rodriguez,customer662@example.com,Australia,2023-02-28
663,Lisa,Brown,customer663@example.com,UK,2022-02-16
664,Lisa,Jones,customer664@example.com,USA,2023-07-31
665,Jane,Davis,customer665@example.com,USA,2022-08-15
666,Mike,Brown,customer666@example.com,USA,2022-05-30
667,David,Garcia,customer667@example.com,USA,2022-01-17
668,Jane,Martinez,customer668@example.com,USA,2022-09-25
669,Lisa,Davis,customer669@example.com,USA,2023-07-21
670,John,Davis,customer670@example.com,USA,2023-08-22
671,David,Jones,customer671@example.com,USA,2023-08-17
672,Lisa,Miller,customer672@example.com,France,2023-03-04
673,Chris,Rodriguez,customer673@example.com,USA,2022-10-30
674,Chris,Rodriguez,customer674@example.com,Canada,2022-06-06
675,Sarah,Miller,customer675@example.com,Canada,2022-07-20
676,Jane,Williams,customer676@example.com,Australia,2022-12-04
677,Lisa,Brown,customer677@example.com,USA,2022-08-24
678,Sarah,Martinez,customer678@example.com,USA,2023-01-24
679,Jane,Williams,customer679@example.com,Australia,2023-08-07
680,David,Jones,customer680@example.com,France,2022-09-09
681,Lisa,Smith,customer681@example.com,France,2023-05-27
682,Jane,Davis,customer682@example.com,USA,2023-07-18
683,Lisa,Garcia,customer683@example.com,USA,2023-11-02
684,John,Rodriguez,customer684@example.com,UK,2023-12-03
685,Emily,Johnson,customer685@example.com,India,2022-12-12
686,James,Rodriguez,customer686@example.com,UK,2022-09-21
687,Chris,Johnson,customer687@example.com,UK,2023-05-16
688,Emily,Jones,customer688@example.com,USA,2023-10-20
689,Jane,Johnson,customer689@example.com,Germany,2023-05-18
690,James,Williams,customer690@example.com,USA,2023-04-17
691,Emily,Jones,customer691@example.com,USA,2022-06-22
692,John,Davis,customer692@example.com,Canada,2022-12-27
693,Chris,Rodriguez,customer693@example.com,Canada,2022-06-23
694,Anna,Williams,customer694@example.com,USA,2022-05-24
695,Jane,Miller,customer695@example.com,USA,2023-07-14
696,Chris,Johnson,customer696@example.com,UK,2023-05-16
697,Emily,Brown,customer697@example.com,USA,2022-07-08
698,Anna,Davis,customer698@example.com,UK,2023-07-10
699,Mike,Garcia,customer699@example.com,USA,2023-10-20
700,Chris,Smith,customer700@example.com,Canada,2022-03-02
701,Mike,Miller,customer701@example.com,Canada,2023-06-21
702,James,Smith,customer702@example.com,USA,2022-02-04
703,David,Miller,customer703@example.com,USA,2022-03-18
704,Lisa,Rodriguez,customer704@example.com,USA,2023-11-16
705,James,Garcia,customer705@example.com,USA,2022-02-19
706,Anna,Brown,customer706@example.com,Australia,2022-01-07
707,Anna,Miller,customer707@example.com,USA,2023-02-27
708,Chris,Johnson,customer708@example.com,France,2022-05-21
709,Lisa,Garcia,customer709@example.com,USA,2023-10-08
710,David,Brown,customer710@example.com,UK,2022-08-25
711,Emily,Smith,customer711@example.com,Germany,2022-03-11
712,Sarah,Garcia,customer712@example.com,UK,2023-12-26
713,Jane,Johnson,customer713@example.com,Canada,2022-06-04
714,David,Garcia,customer714@example.com,Canada,2022-01-10
715,Anna,Williams,customer715@example.com,USA,2022-08-12
716,Sarah,Williams,customer716@example.com,India,2023-06-02
717,Anna,Smith,customer717@example.com,France,2023-04-12
718,Lisa,Jones,customer718@example.com,Australia,2023-01-18
719,Lisa,Davis,customer719@example.com,USA,2022-03-03
720,Chris,Williams,customer720@example.com,Germany,2023-09-25
721,Emily,Davis,customer721@example.com,India,2023-10-16
722,John,Davis,customer722@example.com,USA,2023-11-14
723,Anna,Martinez,customer723@example.com,USA,2023-09-24
724,Emily,Smith,customer724@example.com,Germany,2023-05-10
725,Mike,Johnson,customer725@example.com,UK,2023-11-07
726,Anna,Smith,customer726@example.com,France,2023-05-15
727,Sarah,Jones,customer727@example.com,USA,2022-01-17
728,Emily,Brown,customer728@example.com,Germany,2022-01-07
729,David,Williams,customer729@example.com,USA,2023-06-29
730,Emily,Rodriguez,customer730@example.com,USA,2023-07-19
731,David,Martinez,customer731@example.com,USA,2023-02-26
732,Lisa,Rodriguez,customer732@example.com,France,2022-01-13
733,David,Miller,customer733@example.com,UK,2022-01-18
734,James,Johnson,customer734@example.com,Canada,2023-06-27
735,John,Jones,customer735@example.com,USA,2022-10-09
736,James,Brown,customer736@example.com,France,2023-07-03
737,Sarah,Jones,customer737@example.com,USA,2022-10-21
738,Jane,Johnson,customer738@example.com,France,2022-01-18
739,Sarah,Smith,customer739@example.com,Canada,2023-05-30
740,Chris,Brown,customer740@example.com,USA,2023-12-16
741,Anna,Miller,customer741@example.com,Canada,2023-11-22
742,James,Martinez,customer742@example.com,USA,2023-03-17
743,Sarah,Davis,customer743@example.com,Germany,2022-07-03
744,Anna,Johnson,customer744@example.com,Canada,2022-04-20
745,Anna,Johnson,customer745@example.com,USA,2022-04-09
746,Anna,Davis,customer746@example.com,France,2023-06-21
747,John,Martinez,customer747@example.com,USA,2022-06-02
748,Jane,Rodriguez,customer748@example.com,Canada,2022-09-04
749,David,Smith,customer749@example.com,India,2022-07-16
750,Sarah,Rodriguez,customer750@example.com,UK,2023-09-27
751,Chris,Martinez,customer751@example.com,USA,2023-06-24
752,Sarah,Brown,customer752@example.com,India,2022-09-16
753,David,Williams,customer753@example.com,UK,2022-12-29
754,Lisa,Jones,customer754@example.com,USA,2022-10-01
755,Emily,Miller,customer755@example.com,USA,2023-02-11
756,Anna,Smith,customer756@example.com,Germany,2022-03-22
757,James,Martinez,customer757@example.com,UK,2023-01-18
758,James,Garcia,customer758@example.com,Canada,2023-02-20
759,Emily,Brown,customer759@example.com,France,2023-04-16
760,Chris,Martinez,customer760@example.com,Germany,2023-08-02
761,James,Miller,customer761@example.com,USA,2022-09-07
762,Emily,Williams,customer762@example.com,USA,2023-12-15
763,Emily,Johnson,customer763@example.com,USA,2022-08-20
764,Anna,Rodriguez,customer764@example.com,Germany,2022-11-04
765,David,Garcia,customer765@example.com,USA,2023-12-02
766,David,Johnson,customer766@example.com,UK,2022-03-24
767,David,Rodriguez,customer767@example.com,Germany,2023-11-01
768,Sarah,Rodriguez,customer768@example.com,France,2023-10-28
769,Jane,Rodriguez,customer769@example.com,USA,2022-02-02
770,Sarah,Rodriguez,customer770@example.com,France,2022-04-06
771,Emily,Rodriguez,customer771@example.com,USA,2023-02-20
772,Jane,Smith,customer772@example.com,France,2023-01-24
773,James,Miller,customer773@example.com,USA,2023-01-22
774,Mike,Davis,customer774@example.com,USA,2023-07-20
775,Sarah,Smith,customer775@example.com,Germany,2023-05-03
776,Sarah,Miller,customer776@example.com,USA,2022-02-27
777,Anna,Garcia,customer777@example.com,USA,2023-10-15
778,David,Jones,customer778@example.com,Germany,2022-01-10
779,Lisa,Smith,customer779@example.com,Germany,2023-12-21
780,James,Garcia,customer780@example.com,UK,2022-06-25
781,Lisa,Johnson,customer781@example.com,UK,2022-03-26
782,David,Garcia,customer782@example.com,Canada,2023-05-27
783,Jane,Brown,customer783@example.com,USA,2023-03-21
784,Sarah,Johnson,customer784@example.com,USA,2023-10-23
785,David,Martinez,customer785@example.com,USA,2022-12-06
786,Sarah,Garcia,customer786@example.com,India,2023-08-03
787,Emily,Williams,customer787@example.com,UK,2022-04-08
788,Mike,Smith,customer788@example.com,Canada,2023-06-25
789,David,Garcia,customer789@example.com,Canada,2022-02-13
790,John,Rodriguez,customer790@example.com,India,2022-08-24
791,James,Garcia,customer791@example.com,USA,2022-08-05
792,Mike,Williams,customer792@example.com,UK,2023-12-10
793,David,Davis,customer793@example.com,Canada,2023-08-04
794,John,Davis,customer794@example.com,UK,2023-05-02
795,John,Williams,customer795@example.com,USA,2022-10-05
796,James,Williams,customer796@example.com,France,2022-02-17
797,David,Johnson,customer797@example.com,India,2022-03-18
798,Mike,Davis,customer798@example.com,UK,2023-12-02
799,Anna,Smith,customer799@example.com,UK,2022-10-15
800,Jane,Jones,customer800@example.com,India,2023-07-11
801,John,Brown,customer801@example.com,Germany,2023-08-01
802,Lisa,Smith,customer802@example.com,USA,2023-11-05
803,David,Brown,customer803@example.com,UK,2022-02-03
804,Anna,Smith,customer804@example.com,UK,2022-07-03
805,Anna,Garcia,customer805@example.com,Canada,2022-11-19
806,Anna,Jones,customer806@example.com,Germany,2022-01-17
807,Emily,Rodriguez,customer807@example.com,India,2022-08-01
808,Mike,Miller,customer808@example.com,India,2023-08-25
809,John,Rodriguez,customer809@example.com,Canada,2022-05-28
810,David,Davis,customer810@example.com,USA,2023-12-31
811,Anna,Jones,customer811@example.com,Australia,2023-02-12
812,Jane,Smith,customer812@example.com,France,2022-03-20
813,Jane,Brown,customer813@example.com,USA,2022-11-03
814,Chris,Jones,customer814@example.com,India,2022-06-16
815,Anna,Garcia,customer815@example.com,France,2023-08-01
816,Jane,Smith,customer816@example.com,Canada,2022-09-04
817,Lisa,Garcia,customer817@example.com,UK,2023-08-04
818,John,Jones,customer818@example.com,USA,2023-02-03
819,Mike,Johnson,customer819@example.com,USA,2023-11-25
820,Mike,Garcia,customer820@example.com,USA,2023-07-08
821,Lisa,Miller,customer821@example.com,France,2022-12-06
822,David,Miller,customer822@example.com,USA,2023-01-29
823,Jane,Davis,customer823@example.com,USA,2022-05-24
824,Sarah,Miller,customer824@example.com,USA,2023-12-07
825,Jane,Garcia,customer825@example.com,Canada,2022-03-22
826,James,Williams,customer826@example.com,India,2023-05-28
827,Chris,Davis,customer827@example.com,USA,2022-12-21
828,Lisa,Davis,customer828@example.com,USA,2022-02-24
829,Lisa,Garcia,customer829@example.com,Germany,2022-04-11
830,Lisa,Rodriguez,customer830@example.com,Canada,2023-03-24
831,Sarah,Jones,customer831@example.com,USA,2022-08-26
832,James,Johnson,customer832@example.com,Canada,2022-03-19
833,Chris,Miller,customer833@example.com,USA,2022-12-15
834,Anna,Johnson,customer834@example.com,USA,2023-09-12
835,Anna,Miller,customer835@example.com,Canada,2023-09-21
836,David,Martinez,customer836@example.com,Canada,2023-09-02
837,Lisa,Williams,customer837@example.com,India,2023-02-11
838,Chris,Rodriguez,customer838@example.com,USA,2022-12-01
839,David,Jones,customer839@example.com,UK,2022-01-31
840,Lisa,Garcia,customer840@example.com,UK,2023-10-12
841,Lisa,Johnson,customer841@example.com,USA,2022-10-07
842,John,Johnson,customer842@example.com,UK,2023-04-07
843,Lisa,Garcia,customer843@example.com,USA,2023-05-18
844,Jane,Jones,customer844@example.com,Australia,2022-08-22
845,Sarah,Jones,customer845@example.com,USA,2022-12-31
846,Sarah,Davis,customer846@example.com,Canada,2023-07-21
847,David,Martinez,customer847@example.com,USA,2023-01-20
848,Jane,Miller,customer848@example.com,Australia,2023-03-19
849,Mike,Williams,customer849@example.com,Canada,2022-07-10
850,Sarah,Davis,customer850@example.com,UK,2023-11-28
851,Mike,Garcia,customer851@example.com,USA,2023-08-23
852,James,Davis,customer852@example.com,Germany,2023-11-08
853,Jane,Smith,customer853@example.com,USA,2023-01-25
854,Mike,Garcia,customer854@example.com,France,2022-03-29
855,John,Martinez,customer855@example.com,USA,2023-09-26
856,Chris,Miller,customer856@example.com,USA,2022-10-30
857,Anna,Jones,customer857@example.com,USA,2022-09-10
858,Lisa,Smith,customer858@example.com,Canada,2024-01-01
859,Anna,Johnson,customer859@example.com,UK,2022-03-17
860,David,Miller,customer860@example.com,USA,2022-03-26
861,John,Garcia,customer861@example.com,Germany,2022-10-02
862,Sarah,Rodriguez,customer862@example.com,Canada,2022-06-07
863,David,Williams,customer863@example.com,Canada,2023-01-25
864,David,Smith,customer864@example.com,Canada,2023-12-30
865,Anna,Williams,customer865@example.com,Canada,2023-10-12
866,Jane,Martinez,customer866@example.com,UK,2022-06-07
867,Sarah,Davis,customer867@example.com,USA,2023-02-03
868,David,Smith,customer868@example.com,USA,2022-11-21
869,Lisa,Williams,customer869@example.com,France,2023-01-05
870,Sarah,Johnson,customer870@example.com,India,2022-04-20
871,Chris,Brown,customer871@example.com,USA,2022-04-04
872,Jane,Garcia,customer872@example.com,USA,2022-01-06
873,James,Garcia,customer873@example.com,UK,2022-11-12
874,Sarah,Miller,customer874@example.com,Canada,2023-04-01
875,Mike,Martinez,customer875@example.com,USA,2023-01-04
876,David,Smith,customer876@example.com,USA,2022-10-04
877,Mike,Martinez,customer877@example.com,Germany,2022-04-15
878,Jane,Williams,customer878@example.com,UK,2022-05-16
879,John,Davis,customer879@example.com,USA,2022-03-31
880,Mike,Garcia,customer880@example.com,USA,2022-07-11
881,David,Garcia,customer881@example.com,USA,2023-03-18
882,Lisa,Davis,customer882@example.com,UK,2023-04-05
883,Lisa,Johnson,customer883@example.com,USA,2023-07-25
884,David,Martinez,customer884@example.com,USA,2023-07-23
885,Anna,Williams,customer885@example.com,Germany,2023-06-09
886,Jane,Rodriguez,customer886@example.com,USA,2023-02-22
887,Anna,Garcia,customer887@example.com,UK,2022-04-16
888,David,Miller,customer888@example.com,USA,2022-01-27
889,Chris,Garcia,customer889@example.com,USA,2022-04-02
890,David,Jones,customer890@example.com,USA,2022-12-29
891,James,Brown,customer891@example.com,Germany,2023-07-22
892,James,Johnson,customer892@example.com,France,2022-04-06
893,Anna,Smith,customer893@example.com,France,2023-09-04
894,Anna,Williams,customer894@example.com,USA,2023-09-05
895,Jane,Davis,customer895@example.com,UK,2022-11-29
896,Lisa,Rodriguez,customer896@example.com,USA,2023-01-30
897,John,Miller,customer897@example.com,USA,2022-01-13
898,Chris,Rodriguez,customer898@example.com,France,2022-10-26
899,Emily,Johnson,customer899@example.com,USA,2023-02-28
900,Lisa,Jones,customer900@example.com,USA,2023-02-02
901,David,Jones,customer901@example.com,USA,2022-03-28
902,John,Davis,customer902@example.com,USA,2023-07-27
903,Jane,Brown,customer903@example.com,USA,2022-09-06
904,Sarah,Martinez,customer904@example.com,UK,2023-08-09
905,Lisa,Jones,customer905@example.com,Canada,2023-06-18
906,Lisa,Davis,customer906@example.com,France,2022-06-23
907,John,Brown,customer907@example.com,France,2023-12-03
908,David,Johnson,customer908@example.com,USA,2023-01-25
909,Lisa,Williams,customer909@example.com,USA,2022-06-23
910,John,Johnson,customer910@example.com,USA,2022-05-23
911,Mike,Davis,customer911@example.com,UK,2022-10-03
912,Anna,Williams,customer912@example.com,USA,2022-11-05
913,James,Davis,customer913@example.com,UK,2022-10-02
914,Anna,Johnson,customer914@example.com,Canada,2023-05-20
915,David,Garcia,customer915@example.com,UK,2022-05-30
916,Mike,Garcia,customer916@example.com,Canada,2022-03-06
917,Lisa,Johnson,customer917@example.com,USA,2022-06-21
918,Chris,Rodriguez,customer918@example.com,India,2023-03-22
919,Anna,Rodriguez,customer919@example.com,Germany,2022-10-10
920,Jane,Jones,customer920@example.com,USA,2023-03-08
921,Anna,Jones,customer921@example.com,France,2022-11-03
922,Emily,Williams,customer922@example.com,Canada,2023-05-11
923,Chris,Williams,customer923@example.com,France,2022-03-20
924,Emily,Garcia,customer924@example.com,Germany,2023-01-05
925,Emily,Rodriguez,customer925@example.com,Canada,2022-09-15
926,Jane,Brown,customer926@example.com,USA,2022-09-10
927,Mike,Johnson,customer927@example.com,USA,2023-10-03
928,Emily,Brown,customer928@example.com,Canada,2023-05-23
929,Chris,Williams,customer929@example.com,UK,2023-09-01
930,Anna,Brown,customer930@example.com,USA,2023-09-24
931,David,Davis,customer931@example.com,USA,2022-07-20
932,Chris,Smith,customer932@example.com,France,2023-04-14
933,James,Garcia,customer933@example.com,Australia,2022-04-20
934,John,Rodriguez,customer934@example.com,Canada,2022-05-19
935,Anna,Martinez,customer935@example.com,USA,2022-11-08
936,Jane,Garcia,customer936@example.com,USA,2022-01-07
937,Emily,Davis,customer937@example.com,USA,2023-02-10
938,David,Rodriguez,customer938@example.com,India,2022-12-07
939,Emily,Williams,customer939@example.com,USA,2023-09-28
940,Jane,Martinez,customer940@example.com,UK,2023-01-25
941,Chris,Johnson,customer941@example.com,USA,2022-12-04
942,James,Johnson,customer942@example.com,UK,2023-03-27
943,John,Jones,customer943@example.com,UK,2022-12-09
944,James,Miller,customer944@example.com,France,2023-03-17
945,Anna,Davis,customer945@example.com,USA,2023-10-29
946,Chris,Rodriguez,customer946@example.com,USA,2023-09-01
947,John,Miller,customer947@example.com,USA,2022-05-20
948,Sarah,Miller,customer948@example.com,India,2022-11-04
949,James,Martinez,customer949@example.com,France,2022-11-25
950,Emily,Johnson,customer950@example.com,UK,2023-09-10
951,Lisa,Williams,customer951@example.com,UK,2023-12-13
952,Anna,Garcia,customer952@example.com,UK,2022-07-25
953,Anna,Johnson,customer953@example.com,USA,2023-05-06
954,John,Davis,customer954@example.com,India,2022-11-18
955,Sarah,Davis,customer955@example.com,Canada,2022-07-01
956,David,Rodriguez,customer956@example.com,USA,2023-02-12
957,James,Garcia,customer957@example.com,Canada,2022-11-23
958,Mike,Williams,customer958@example.com,USA,2022-10-26
959,David,Rodriguez,customer959@example.com,USA,2023-12-13
960,Anna,Martinez,customer960@example.com,Germany,2023-10-11
961,Anna,Williams,customer961@example.com,USA,2023-05-18
962,Jane,Williams,customer962@example.com,UK,2023-08-13
963,John,Miller,customer963@example.com,USA,2022-09-06
964,Lisa,Rodriguez,customer964@example.com,USA,2022-11-30
965,Sarah,Smith,customer965@example.com,USA,2023-01-21
966,Mike,Johnson,customer966@example.com,USA,2022-10-15
967,David,Rodriguez,customer967@example.com,Germany,2023-02-07
968,James,Williams,customer968@example.com,USA,2023-01-09
969,John,Jones,customer969@example.com,UK,2022-04-27
970,James,Williams,customer970@example.com,Canada,2023-08-01
971,Chris,Williams,customer971@example.com,UK,2022-07-24
972,Jane,Garcia,customer972@example.com,India,2023-08-30
973,Sarah,Brown,customer973@example.com,Germany,2023-07-13
974,Jane,Garcia,customer974@example.com,USA,2022-07-04
975,Anna,Rodriguez,customer975@example.com,USA,2023-11-30
976,Jane,Jones,customer976@example.com,USA,2023-07-18
977,Mike,Johnson,customer977@example.com,UK,2022-01-28
978,Anna,Jones,customer978@example.com,USA,2023-04-18
979,David,Brown,customer979@example.com,Canada,2023-12-27
980,James,Rodriguez,customer980@example.com,UK,2022-08-03
981,David,Jones,customer981@example.com,USA,2023-03-25
982,Chris,Williams,customer982@example.com,Germany,2022-10-26
983,Anna,Jones,customer983@example.com,USA,2023-12-11
984,Anna,Martinez,customer984@example.com,USA,2022-03-12
985,Sarah,Rodriguez,customer985@example.com,Germany,2023-02-23
986,Anna,Johnson,customer986@example.com,Canada,2023-11-21
987,James,Rodriguez,customer987@example.com,UK,2023-05-27
988,Mike,Williams,customer988@example.com,Canada,2022-05-23
989,Chris,Martinez,customer989@example.com,USA,2023-10-11
990,Sarah,Martinez,customer990@example.com,France,2022-11-07
991,Lisa,Williams,customer991@example.com,Germany,2022-09-05
992,James,Williams,customer992@example.com,UK,2022-09-16
993,Mike,Martinez,customer993@example.com,USA,2023-11-06
994,Jane,Martinez,customer994@example.com,UK,2022-06-07
995,David,Garcia,customer995@example.com,USA,2023-03-10
996,Chris,Martinez,customer996@example.com,USA,2023-01-22
997,Emily,Smith,customer997@example.com,India,2022-03-17
998,James,Smith,customer998@example.com,USA,2023-04-05
999,David,Johnson,customer999@example.com,Australia,2023-09-05
1000,John,Smith,customer1000@example.com,Canada,2023-05-06
